u1,purchase,iPhone XS
u1,purchase,iPhone XR
u1,purchase,iPhone 8
u1,purchase,iPad Pro
U 2,purchase,Pixel Slate
U 2,purchase,Galaxy 8
u-3,purchase,Surface Pro
u-4,purchase,iPhone XR
u-4,purchase,iPhone XR
u-4,purchase,iPhone XR
u-4,purchase,iPhone XR
u-4,purchase,iPhone 8
u-4,purchase,Galaxy 8
u1,view,Phones
u1,view,Phones
u1,view,Phones
u1,view,Phones
u1,view,Phones
u1,view,Phones
u1,view,Mobile-acc
U 2,view,Phones
U 2,view,Tablets
U 2,view,Mobile-acc
u-3,view,Mobile-acc
u-4,view,Phones
u-4,view,Tablets
u-4,view,Soap
u5,view,Soap
u1,category-pref,phones
u1,category-pref,phones
u1,category-pref,phones
u1,category-pref,tablets
U 2,category-pref,tablets
U 2,category-pref,phones
u-3,category-pref,tablets
u-4,category-pref,phones
u-4,category-pref,phones
u5,category-pref,toiletries
iPhone XS,$set,categories:Phones:Electronics:Apple
iPhone XR,$set,categories:Phones:Electronics:Apple
iPhone 8,$set,categories:Phones:Electronics:Apple
iPad Pro,$set,categories:Tablets:Electronics:Apple
Pixel Slate,$set,categories:Tablets:Electronics:Google
Galaxy 8,$set,categories:Phones:Electronics:Samsung
Surface Pro,$set,categories:Tablets:Electronics:Microsoft
iPhone 8,$set,countries:United States:Canada:Estados Unidos Mexicanos
iPad Pro,$set,countries:United States:Estados Unidos Mexicanos
Pixel Slate,$set,countries:United States:Canada
Galaxy 8,$set,countries:United States
Surface Pro,$set,countries:United States:Canada
iPhone XS,$set,categories:Cameras
iPhone XR,$set,categories:Cameras
iPhone 8,$set,categories:Cameras
iPad Pro,$set,categories:Computers
Pixel Slate,$set,categories:Computers
Galaxy 8,$set,categories:Cameras
Surface Pro,$set,categories:Computers
iPhone 8,$set,countries:Cuba
iPad Pro,$set,countries:Cuba
Pixel Slate,$set,countries:Cuba
Galaxy 8,$set,countries:Cuba
Surface Pro,$set,countries:Cuba
u1,purchase,iPhone XS
u1,purchase,iPhone XR
u1,purchase,iPhone 8
u1,purchase,iPad Pro
U 2,purchase,Pixel Slate
U 2,purchase,Galaxy 8
u-3,purchase,Surface Pro
u-4,purchase,iPhone XR
u-4,purchase,iPhone 8
u-4,purchase,Galaxy 8
u1,view,Phones
u1,view,Mobile-acc
U 2,view,Phones
U 2,view,Tablets
U 2,view,Mobile-acc
u-3,view,Mobile-acc
u-4,view,Phones
u-4,view,Tablets
u-4,view,Soap
u5,view,Soap
u1,purchase,Galaxy 8
u1,purchase,Galaxy 8
u1,purchase,Galaxy 8
u1,purchase,Galaxy 8
u1,view,Galaxy 8
U 2,purchase,iPhone XR
U 2,purchase,iPhone XR
u1,view,Soap
u1,view,Soap
u-3,view,Mobile-acc
u-4,view,Mobile-acc
u-4,view,Mobile-acc
iPhone XS,$set,categories:Phones:Electronics:Apple
iPhone XR,$set,categories:Phones:Electronics:Apple
iPhone 8,$set,categories:Phones:Electronics:Apple
iPad Pro,$set,categories:Tablets:Electronics:Apple
Pixel Slate,$set,categories:Tablets:Electronics:Google
Galaxy 8,$set,categories:Phones:Electronics:Samsung
Surface Pro,$set,categories:Tablets:Electronics:Microsoft
iPhone 8,$set,countries:United States:Canada:Estados Unidos Mexicanos
iPad Pro,$set,countries:United States:Estados Unidos Mexicanos
Pixel Slate,$set,countries:United States:Canada
Galaxy 8,$set,countries:United States
Surface Pro,$set,countries:United States:Canada
u1,purchase,iPhone Case
u1,purchase, AirPods
U 2,purchase,USB-C
u-3,purchase,Sleeve
u-4,purchase,USB-C Ear Buds
u-4,purchase,USB-C
u1,view,Orders
u1,view,Past Orders
U 2,view,Orders
U 2,view,Accessories
u-3,view,Accessories
u-4,view,Orders
u-4,view,Phones
u-4,view,Clothing
u5,view,Clothing
u1,category-pref,Toys
u1,category-pref,Videos
u1,category-pref,Electronics
U 2,category-pref,Toys
U 2,category-pref,Electronics
u-3,category-pref,Videos
u-4,category-pref,Videos
u-4,category-pref,Games
u5,category-pref,Games
U 2,purchase,2991
U 2,purchase,4128
U 2,purchase,1262
U 2,purchase,8901
U 2,purchase,2478
U 2,purchase,9431
U 2,purchase,177
U 2,purchase,9881
U 2,purchase,6397
U 2,purchase,7628
U 2,purchase,3563
U 2,purchase,4377
U 2,purchase,689
U 2,purchase,7652
U 2,purchase,1210
U 2,purchase,8430
U 2,purchase,7878
U 2,purchase,821
U 2,purchase,4154
U 2,purchase,4389
U 2,purchase,8930
U 2,purchase,8322
U 2,purchase,2984
U 2,purchase,7950
U 2,purchase,7032
U 2,purchase,3442
U 2,purchase,3156
U 2,purchase,4707
U 2,purchase,5317
U 2,purchase,4001
U 2,purchase,5149
U 2,purchase,9774
U 2,purchase,2313
U 2,purchase,9441
U 2,purchase,1914
U 2,purchase,1020
U 2,purchase,7481
U 2,purchase,7094
U 2,purchase,7548
U 2,purchase,8619
U 2,purchase,6789
U 2,purchase,6497
U 2,purchase,1453
U 2,purchase,4532
U 2,purchase,6258
U 2,purchase,6917
U 2,purchase,5376
U 2,purchase,2405
U 2,purchase,9468
U 2,purchase,2625
U 2,purchase,8254
U 2,purchase,3679
U 2,purchase,2431
U 2,purchase,4701
U 2,purchase,9357
U 2,purchase,6937
U 2,purchase,7584
U 2,purchase,7629
U 2,purchase,7944
U 2,purchase,317
U 2,purchase,7915
U 2,purchase,1092
U 2,purchase,602
U 2,purchase,9157
U 2,purchase,9396
U 2,purchase,6834
U 2,purchase,1196
U 2,purchase,9638
U 2,purchase,6358
U 2,purchase,9618
U 2,purchase,2009
U 2,purchase,3575
U 2,purchase,398
U 2,purchase,777
U 2,purchase,443
U 2,purchase,4471
U 2,purchase,726
U 2,purchase,2263
U 2,purchase,3000
U 2,purchase,2069
U 2,purchase,1827
U 2,purchase,6279
U 2,purchase,2234
U 2,purchase,8120
U 2,purchase,6962
U 2,purchase,9677
U 2,purchase,5032
U 2,purchase,1967
U 2,purchase,3717
U 2,purchase,6696
U 2,purchase,7239
U 2,purchase,2257
U 2,purchase,2496
U 2,purchase,75
U 2,purchase,1738
U 2,purchase,9233
U 2,purchase,9354
U 2,purchase,4660
U 2,purchase,3525
U 2,purchase,3647
U 2,purchase,4913
U 2,purchase,6787
U 2,purchase,823
U 2,purchase,2622
U 2,purchase,7360
U 2,purchase,3945
U 2,purchase,988
U 2,purchase,6324
U 2,purchase,8394
U 2,purchase,4715
U 2,purchase,2881
U 2,purchase,2220
U 2,purchase,3
U 2,purchase,1490
U 2,purchase,6183
U 2,purchase,4400
U 2,purchase,775
U 2,purchase,8661
U 2,purchase,8931
U 2,purchase,8292
U 2,purchase,5045
U 2,purchase,7232
U 2,purchase,2818
U 2,purchase,8945
U 2,purchase,9509
U 2,purchase,4001
U 2,purchase,7610
U 2,purchase,9201
U 2,purchase,3278
U 2,purchase,5025
U 2,purchase,1940
U 2,purchase,6623
U 2,purchase,1203
U 2,purchase,7788
U 2,purchase,9660
U 2,purchase,833
U 2,purchase,2520
U 2,purchase,5963
U 2,purchase,8374
U 2,purchase,2796
U 2,purchase,7391
U 2,purchase,6115
U 2,purchase,7009
U 2,purchase,8763
U 2,purchase,4036
U 2,purchase,5214
U 2,purchase,7751
U 2,purchase,441
U 2,purchase,375
U 2,purchase,7457
U 2,purchase,1832
U 2,purchase,893
U 2,purchase,9352
U 2,purchase,9048
U 2,purchase,3888
U 2,purchase,2972
U 2,purchase,4522
U 2,purchase,3789
U 2,purchase,1862
U 2,purchase,4269
U 2,purchase,1639
U 2,purchase,4248
U 2,purchase,4666
U 2,purchase,4139
U 2,purchase,8244
U 2,purchase,5403
U 2,purchase,1940
U 2,purchase,5017
U 2,purchase,849
U 2,purchase,7990
U 2,purchase,7780
U 2,purchase,3904
U 2,purchase,7293
U 2,purchase,6596
U 2,purchase,8474
U 2,purchase,7536
U 2,purchase,3064
U 2,purchase,1175
U 2,purchase,5475
U 2,purchase,9000
U 2,purchase,8525
U 2,purchase,2628
U 2,purchase,8908
U 2,purchase,717
U 2,purchase,1582
U 2,purchase,2293
U 2,purchase,9899
U 2,purchase,548
U 2,purchase,4544
U 2,purchase,6686
U 2,purchase,5543
U 2,purchase,25
U 2,purchase,2048
U 2,purchase,4426
U 2,purchase,5241
U 2,purchase,2373
U 2,purchase,3545
U 2,purchase,3091
U 2,purchase,1302
U 2,purchase,9432
U 2,purchase,4259
U 2,purchase,3147
U 2,purchase,9487
U 2,purchase,2342
U 2,purchase,3440
U 2,purchase,5258
U 2,purchase,9107
U 2,purchase,1672
U 2,purchase,9455
U 2,purchase,2594
U 2,purchase,56
U 2,purchase,9021
U 2,purchase,251
U 2,purchase,4452
U 2,purchase,5076
U 2,purchase,882
U 2,purchase,5782
U 2,purchase,9749
U 2,purchase,4085
U 2,purchase,9711
U 2,purchase,7685
U 2,purchase,4427
U 2,purchase,1211
U 2,purchase,1082
U 2,purchase,238
U 2,purchase,2675
U 2,purchase,9578
U 2,purchase,2717
U 2,purchase,6718
U 2,purchase,3907
U 2,purchase,8222
U 2,purchase,8713
U 2,purchase,9813
U 2,purchase,8231
U 2,purchase,5230
U 2,purchase,4990
U 2,purchase,9636
U 2,purchase,1917
U 2,purchase,3627
U 2,purchase,2716
U 2,purchase,2069
U 2,purchase,3996
U 2,purchase,9811
U 2,purchase,648
U 2,purchase,5023
U 2,purchase,8848
U 2,purchase,7467
U 2,purchase,4704
U 2,purchase,1111
U 2,purchase,6830
U 2,purchase,3838
U 2,purchase,991
U 2,purchase,9912
U 2,purchase,940
U 2,purchase,6231
U 2,purchase,2336
U 2,purchase,6468
U 2,purchase,2941
U 2,purchase,3657
U 2,purchase,5859
U 2,purchase,3092
U 2,purchase,3636
U 2,purchase,2219
U 2,purchase,8661
U 2,purchase,7542
U 2,purchase,7992
U 2,purchase,1122
U 2,purchase,1145
U 2,purchase,9705
U 2,purchase,1258
U 2,purchase,8763
U 2,purchase,6670
U 2,purchase,4069
U 2,purchase,1142
U 2,purchase,3433
U 2,purchase,2735
U 2,purchase,8617
U 2,purchase,1915
U 2,purchase,505
U 2,purchase,7328
U 2,purchase,5660
U 2,purchase,6145
U 2,purchase,4818
U 2,purchase,2777
U 2,purchase,9832
U 2,purchase,4088
U 2,purchase,9486
U 2,purchase,3195
U 2,purchase,5298
U 2,purchase,9068
U 2,purchase,636
U 2,purchase,1479
U 2,purchase,2306
U 2,purchase,6750
U 2,purchase,8198
U 2,purchase,2322
U 2,purchase,4884
U 2,purchase,2412
U 2,purchase,3900
U 2,purchase,2745
U 2,purchase,7504
U 2,purchase,4531
U 2,purchase,1952
U 2,purchase,3303
U 2,purchase,1419
U 2,purchase,7127
U 2,purchase,3747
U 2,purchase,2230
U 2,purchase,2078
U 2,purchase,8656
U 2,purchase,1853
U 2,purchase,5916
U 2,purchase,9420
U 2,purchase,6356
U 2,purchase,2160
U 2,purchase,6030
U 2,purchase,549
U 2,purchase,6575
U 2,purchase,7744
U 2,purchase,3139
U 2,purchase,3133
U 2,purchase,296
U 2,purchase,8593
U 2,purchase,5634
U 2,purchase,2216
U 2,purchase,7871
U 2,purchase,3919
U 2,purchase,3961
U 2,purchase,8447
U 2,purchase,9595
U 2,purchase,9709
U 2,purchase,5000
U 2,purchase,2324
U 2,purchase,4678
U 2,purchase,8480
U 2,purchase,9821
U 2,purchase,3940
U 2,purchase,7155
U 2,purchase,1782
U 2,purchase,7522
U 2,purchase,8806
U 2,purchase,8468
U 2,purchase,1640
U 2,purchase,3531
U 2,purchase,9008
U 2,purchase,3852
U 2,purchase,473
U 2,purchase,5838
U 2,purchase,7890
U 2,purchase,2094
U 2,purchase,184
U 2,purchase,4419
U 2,purchase,4842
U 2,purchase,3040
U 2,purchase,2142
U 2,purchase,7132
U 2,purchase,5253
U 2,purchase,6258
U 2,purchase,1623
U 2,purchase,4715
U 2,purchase,8395
U 2,purchase,5281
U 2,purchase,9395
U 2,purchase,2430
U 2,purchase,460
U 2,purchase,6063
U 2,purchase,909
U 2,purchase,424
U 2,purchase,6324
U 2,purchase,5186
U 2,purchase,767
U 2,purchase,5145
U 2,purchase,5167
U 2,purchase,986
U 2,purchase,9702
U 2,purchase,2967
U 2,purchase,2096
U 2,purchase,2863
U 2,purchase,7579
U 2,purchase,7208
U 2,purchase,596
U 2,purchase,300
U 2,purchase,3536
U 2,purchase,7900
U 2,purchase,4489
U 2,purchase,6145
U 2,purchase,4317
U 2,purchase,8707
U 2,purchase,5935
U 2,purchase,1212
U 2,purchase,4489
U 2,purchase,4906
U 2,purchase,3484
U 2,purchase,5137
U 2,purchase,5027
U 2,purchase,9327
U 2,purchase,863
U 2,purchase,5728
U 2,purchase,2218
U 2,purchase,4022
U 2,purchase,3758
U 2,purchase,9270
U 2,purchase,8181
U 2,purchase,7379
U 2,purchase,9738
U 2,purchase,6383
U 2,purchase,8855
U 2,purchase,3571
U 2,purchase,5424
U 2,purchase,3162
U 2,purchase,2998
U 2,purchase,6
U 2,purchase,1116
U 2,purchase,6748
U 2,purchase,9218
U 2,purchase,2337
U 2,purchase,8013
U 2,purchase,8525
U 2,purchase,7216
U 2,purchase,4993
U 2,purchase,4136
U 2,purchase,7181
U 2,purchase,5831
U 2,purchase,1762
U 2,purchase,4003
U 2,purchase,2426
U 2,purchase,1250
U 2,purchase,3496
U 2,purchase,9947
U 2,purchase,2337
U 2,purchase,6234
U 2,purchase,2033
U 2,purchase,4241
U 2,purchase,957
U 2,purchase,5860
U 2,purchase,4709
U 2,purchase,978
U 2,purchase,2678
U 2,purchase,9121
U 2,purchase,2672
U 2,purchase,6476
U 2,purchase,471
U 2,purchase,6613
U 2,purchase,7237
U 2,purchase,8351
U 2,purchase,7437
U 2,purchase,2874
U 2,purchase,2485
U 2,purchase,1375
U 2,purchase,6469
U 2,purchase,8984
U 2,purchase,8311
U 2,purchase,1570
U 2,purchase,3280
U 2,purchase,3456
U 2,purchase,5073
U 2,purchase,1331
U 2,purchase,6305
U 2,purchase,1876
U 2,purchase,4000
U 2,purchase,3704
U 2,purchase,1825
U 2,purchase,7109
U 2,purchase,5245
U 2,purchase,1512
U 2,purchase,9241
U 2,purchase,5705
U 2,purchase,8765
U 2,purchase,7391
U 2,purchase,2674
U 2,purchase,5739
U 2,purchase,2414
U 2,purchase,7753
U 2,purchase,6494
U 2,purchase,451
U 2,purchase,3551
U 2,purchase,3422
U 2,purchase,2111
U 2,purchase,9414
U 2,purchase,3814
U 2,purchase,6049
U 2,purchase,6179
U 2,purchase,742
U 2,purchase,4862
U 2,purchase,4069
U 2,purchase,2187
U 2,purchase,6883
U 2,purchase,2422
U 2,purchase,303
U 2,purchase,2515
U 2,purchase,3204
U 2,purchase,3757
U 2,purchase,7565
U 2,purchase,428
U 2,purchase,6298
U 2,purchase,4401
U 2,purchase,1593
U 2,purchase,5252
U 2,purchase,365
U 2,purchase,8832
U 2,purchase,9403
U 2,purchase,6876
U 2,purchase,5174
U 2,purchase,9235
U 2,purchase,5361
U 2,purchase,9914
U 2,purchase,7486
U 2,purchase,96
U 2,purchase,9181
U 2,purchase,9580
U 2,purchase,822
U 2,purchase,3738
U 2,purchase,7560
U 2,purchase,1954
U 2,purchase,3544
U 2,purchase,3822
U 2,purchase,9484
U 2,purchase,8642
U 2,purchase,8236
U 2,purchase,1640
U 2,purchase,3392
U 2,purchase,5980
U 2,purchase,6578
U 2,purchase,6313
U 2,purchase,2978
U 2,purchase,2920
U 2,purchase,8500
U 2,purchase,509
U 2,purchase,1350
U 2,purchase,9426
U 2,purchase,5115
U 2,purchase,5376
U 2,purchase,5685
U 2,purchase,7771
U 2,purchase,1977
U 2,purchase,849
U 2,purchase,3009
U 2,purchase,9234
U 2,purchase,8281
U 2,purchase,4066
U 2,purchase,5305
U 2,purchase,2847
U 2,purchase,2452
U 2,purchase,686
U 2,purchase,4603
U 2,purchase,6519
U 2,purchase,1266
U 2,purchase,7562
U 2,purchase,3147
U 2,purchase,1020
U 2,purchase,8686
U 2,purchase,6644
U 2,purchase,3678
U 2,purchase,6990
U 2,purchase,4836
U 2,purchase,7785
U 2,purchase,7998
U 2,purchase,955
U 2,purchase,5817
U 2,purchase,8927
U 2,purchase,2570
U 2,purchase,4729
U 2,purchase,3442
U 2,purchase,5263
U 2,purchase,1129
U 2,purchase,9244
U 2,purchase,3325
U 2,purchase,6957
U 2,purchase,4799
U 2,purchase,3618
U 2,purchase,8608
U 2,purchase,2842
U 2,purchase,4523
U 2,purchase,3931
U 2,purchase,7833
U 2,purchase,3922
U 2,purchase,5272
U 2,purchase,3517
U 2,purchase,556
U 2,purchase,7687
U 2,purchase,4762
U 2,purchase,4561
U 2,purchase,8358
U 2,purchase,8393
U 2,purchase,6585
U 2,purchase,1008
U 2,purchase,5875
U 2,purchase,5079
U 2,purchase,5678
U 2,purchase,5550
U 2,purchase,4470
U 2,purchase,1213
U 2,purchase,4026
U 2,purchase,6751
U 2,purchase,4227
U 2,purchase,5375
U 2,purchase,5114
U 2,purchase,2783
U 2,purchase,6530
U 2,purchase,2784
U 2,purchase,2799
U 2,purchase,3871
U 2,purchase,7568
U 2,purchase,6435
U 2,purchase,6915
U 2,purchase,8752
U 2,purchase,6007
U 2,purchase,1180
U 2,purchase,7829
U 2,purchase,7038
U 2,purchase,9839
U 2,purchase,5221
U 2,purchase,4505
U 2,purchase,1768
U 2,purchase,1041
U 2,purchase,6392
U 2,purchase,9811
U 2,purchase,160
U 2,purchase,7947
U 2,purchase,5589
U 2,purchase,7612
U 2,purchase,5201
U 2,purchase,8110
U 2,purchase,4645
U 2,purchase,1807
U 2,purchase,5750
U 2,purchase,2116
U 2,purchase,9847
U 2,purchase,8567
U 2,purchase,7857
U 2,purchase,8647
U 2,purchase,5702
U 2,purchase,1119
U 2,purchase,3017
U 2,purchase,8745
U 2,purchase,7487
U 2,purchase,1300
U 2,purchase,9773
U 2,purchase,7216
U 2,purchase,1281
U 2,purchase,6746
U 2,purchase,353
U 2,purchase,8232
U 2,purchase,8283
U 2,purchase,6355
U 2,purchase,557
U 2,purchase,8933
U 2,purchase,6052
U 2,purchase,7660
U 2,purchase,5056
U 2,purchase,4167
U 2,purchase,4323
U 2,purchase,8738
U 2,purchase,2616
U 2,purchase,8878
U 2,purchase,2077
U 2,purchase,3496
U 2,purchase,2261
U 2,purchase,6381
U 2,purchase,9430
U 2,purchase,4641
U 2,purchase,2155
U 2,purchase,1187
U 2,purchase,8068
U 2,purchase,3082
U 2,purchase,9795
U 2,purchase,1256
U 2,purchase,5609
U 2,purchase,4231
U 2,purchase,2310
U 2,purchase,8961
U 2,purchase,5605
U 2,purchase,4500
U 2,purchase,6520
U 2,purchase,1064
U 2,purchase,5021
U 2,purchase,7656
U 2,purchase,4847
U 2,purchase,6976
U 2,purchase,4324
U 2,purchase,6155
U 2,purchase,5818
U 2,purchase,1563
U 2,purchase,8557
U 2,purchase,2194
U 2,purchase,992
U 2,purchase,9076
U 2,purchase,2822
U 2,purchase,3205
U 2,purchase,5144
U 2,purchase,200
U 2,purchase,6612
U 2,purchase,9705
U 2,purchase,9685
U 2,purchase,9885
U 2,purchase,1581
U 2,purchase,5133
U 2,purchase,4291
U 2,purchase,6400
U 2,purchase,6246
U 2,purchase,5085
U 2,purchase,6541
U 2,purchase,8148
U 2,purchase,874
U 2,purchase,9171
U 2,purchase,2292
U 2,purchase,4639
U 2,purchase,8008
U 2,purchase,3116
U 2,purchase,2042
U 2,purchase,3683
U 2,purchase,1011
U 2,purchase,9579
U 2,purchase,6139
U 2,purchase,3165
U 2,purchase,1359
U 2,purchase,2295
U 2,purchase,2755
U 2,purchase,3542
U 2,purchase,7880
U 2,purchase,8124
U 2,purchase,9365
U 2,purchase,6932
U 2,purchase,9474
U 2,purchase,4129
U 2,purchase,4346
U 2,purchase,7207
U 2,purchase,5163
U 2,purchase,3326
U 2,purchase,877
U 2,purchase,7220
U 2,purchase,7290
U 2,purchase,1466
U 2,purchase,7525
U 2,purchase,4014
U 2,purchase,7944
U 2,purchase,509
U 2,purchase,4326
U 2,purchase,209
U 2,purchase,5326
U 2,purchase,2527
U 2,purchase,2726
U 2,purchase,4450
U 2,purchase,5705
U 2,purchase,223
U 2,purchase,3068
U 2,purchase,2194
U 2,purchase,4874
U 2,purchase,4964
U 2,purchase,4027
U 2,purchase,7091
U 2,purchase,9894
U 2,purchase,3528
U 2,purchase,7669
U 2,purchase,3741
U 2,purchase,667
U 2,purchase,4013
U 2,purchase,1889
U 2,purchase,6206
U 2,purchase,1610
U 2,purchase,5878
U 2,purchase,6135
U 2,purchase,6895
U 2,purchase,428
U 2,purchase,5276
U 2,purchase,4062
U 2,purchase,6605
U 2,purchase,4007
U 2,purchase,3559
U 2,purchase,9313
U 2,purchase,5520
U 2,purchase,2787
U 2,purchase,7812
U 2,purchase,791
U 2,purchase,1044
U 2,purchase,4610
U 2,purchase,3007
U 2,purchase,1581
U 2,purchase,5786
U 2,purchase,1578
U 2,purchase,7856
U 2,purchase,4739
U 2,purchase,7146
U 2,purchase,8454
U 2,purchase,3993
U 2,purchase,7166
U 2,purchase,3943
U 2,purchase,3989
U 2,purchase,4728
U 2,purchase,3252
U 2,purchase,578
U 2,purchase,9352
U 2,purchase,1623
U 2,purchase,6086
U 2,purchase,9946
U 2,purchase,2929
U 2,purchase,4960
U 2,purchase,2859
U 2,purchase,3228
U 2,purchase,6841
U 2,purchase,4466
U 2,purchase,9272
U 2,purchase,1200
U 2,purchase,762
U 2,purchase,5247
U 2,purchase,9401
U 2,purchase,9271
U 2,purchase,7119
U 2,purchase,5876
U 2,purchase,3536
U 2,purchase,9078
U 2,purchase,3224
U 2,purchase,2784
U 2,purchase,3531
U 2,purchase,7205
U 2,purchase,2828
U 2,purchase,9745
U 2,purchase,5818
U 2,purchase,3314
U 2,purchase,6315
U 2,purchase,7342
U 2,purchase,7955
U 2,purchase,5225
U 2,purchase,8427
U 2,purchase,9477
U 2,purchase,9513
U 2,purchase,8683
U 2,purchase,9192
U 2,purchase,549
U 2,purchase,510
U 2,purchase,5658
U 2,purchase,4337
U 2,purchase,1041
U 2,purchase,3799
U 2,purchase,7950
U 2,purchase,3185
U 2,purchase,8333
U 2,purchase,9100
U 2,purchase,5622
U 2,purchase,5136
U 2,purchase,2086
U 2,purchase,5369
U 2,purchase,1356
U 2,purchase,6540
U 2,purchase,8548
U 2,purchase,5255
U 2,purchase,4009
U 2,purchase,6971
U 2,purchase,413
U 2,purchase,1055
U 2,purchase,7020
U 2,purchase,6001
U 2,purchase,9158
U 2,purchase,853
U 2,purchase,398
U 2,purchase,4023
U 2,purchase,995
U 2,purchase,3016
U 2,purchase,288
U 2,purchase,9560
U 2,purchase,414
U 2,purchase,6478
U 2,purchase,6960
U 2,purchase,9213
U 2,purchase,7833
U 2,purchase,2538
U 2,purchase,8160
U 2,purchase,7379
U 2,purchase,2957
U 2,purchase,9984
U 2,purchase,8578
U 2,purchase,3138
U 2,purchase,8518
U 2,purchase,6739
U 2,purchase,2098
U 2,purchase,1244
U 2,purchase,7164
U 2,purchase,6652
U 2,purchase,2741
U 2,purchase,2741
U 2,purchase,9744
U 2,purchase,9430
U 2,purchase,6952
U 2,purchase,580
U 2,purchase,7220
U 2,purchase,2621
U 2,purchase,4062
U 2,purchase,5850
U 2,purchase,5409
U 2,purchase,3871
U 2,purchase,1317
U 2,purchase,9784
U 2,purchase,5103
U 2,purchase,1920
U 2,purchase,4584
U 2,purchase,1257
U 2,purchase,1854
U 2,purchase,4854
U 2,purchase,9759
U 2,purchase,5442
U 2,purchase,7936
U 2,purchase,3895
U 2,purchase,5493
U 2,purchase,9953
U 2,purchase,846
U 2,purchase,520
U 2,purchase,1467
U 2,purchase,838
U 2,purchase,8612
U 2,purchase,8314
U 2,purchase,9432
U 2,purchase,5598
U 2,purchase,8256
U 2,purchase,3287
U 2,purchase,8616
U 2,purchase,9908
U 2,purchase,8432
U 2,purchase,2557
U 2,purchase,2508
U 2,purchase,7997
U 2,purchase,5757
U 2,purchase,7955
U 2,purchase,8383
U 2,purchase,7900
U 2,purchase,3001
U 2,purchase,3254
U 2,purchase,5045
U 2,purchase,9933
U 2,purchase,5585
U 2,purchase,9498
U 2,purchase,1230
U 2,purchase,9503
U 2,purchase,7935
U 2,purchase,94
U 2,purchase,5447
U 2,purchase,3209
U 2,purchase,1929
U 2,purchase,1978
U 2,purchase,5614
U 2,purchase,595
U 2,purchase,6774
U 2,purchase,9410
U 2,purchase,1553
U 2,purchase,851
U 2,purchase,8199
U 2,purchase,66
U 2,purchase,3013
U 2,purchase,4032
U 2,purchase,1779
U 2,purchase,4823
U 2,purchase,2172
U 2,purchase,3795
U 2,purchase,1147
U 2,purchase,7678
U 2,purchase,5406
U 2,purchase,7727
U 2,purchase,9475
U 2,purchase,3366
U 2,purchase,5122
U 2,purchase,35
U 2,purchase,8054
U 2,purchase,6511
U 2,purchase,8745
U 2,purchase,1813
U 2,purchase,404
U 2,purchase,4447
U 2,purchase,8852
U 2,purchase,2748
U 2,purchase,5133
U 2,purchase,9075
U 2,purchase,7027
U 2,purchase,7673
U 2,purchase,7917
U 2,purchase,4507
U 2,purchase,1409
U 2,purchase,3047
U 2,purchase,3419
U 2,purchase,8011
U 2,purchase,7373
U 2,purchase,9772
U 2,purchase,6083
U 2,purchase,4089
U 2,purchase,5036
U 2,purchase,967
U 2,purchase,9953
U 2,purchase,9783
U 2,purchase,8196
U 2,purchase,4750
U 2,purchase,6316
U 2,purchase,5732
U 2,purchase,7515
U 2,purchase,9981
U 2,purchase,1742
U 2,purchase,6871
U 2,purchase,8920
U 2,purchase,5089
U 2,purchase,7202
U 2,purchase,3023
U 2,purchase,6378
U 2,purchase,5159
U 2,purchase,7400
U 2,purchase,6881
U 2,purchase,6262
U 2,purchase,4789
U 2,purchase,7880
U 2,purchase,4213
U 2,purchase,7568
U 2,purchase,988
U 2,purchase,8267
U 2,purchase,9501
U 2,purchase,2518
U 2,purchase,492
U 2,purchase,2510
U 2,purchase,9118
U 2,purchase,5935
U 2,purchase,9480
U 2,purchase,7098
U 2,purchase,9694
U 2,purchase,6397
U 2,purchase,7861
U 2,purchase,9037
U 2,purchase,3553
U 2,purchase,602
U 2,purchase,7684
U 2,purchase,5110
U 2,purchase,8378
U 2,purchase,3483
U 2,purchase,4980
U 2,purchase,5667
U 2,purchase,8976
U 2,purchase,1412
U 2,purchase,9887
U 2,purchase,5007
U 2,purchase,9053
U 2,purchase,6646
U 2,purchase,5987
U 2,purchase,451
U 2,purchase,3707
U 2,purchase,4432
U 2,purchase,3427
U 2,purchase,3629
U 2,purchase,3420
U 2,purchase,751
U 2,purchase,3465
U 2,purchase,487
U 2,purchase,4116
U 2,purchase,2074
U 2,purchase,2650
U 2,purchase,3530
U 2,purchase,8815
U 2,purchase,1983
U 2,purchase,3718
U 2,purchase,1522
U 2,purchase,6471
U 2,purchase,9971
U 2,purchase,1545
U 2,purchase,895
U 2,purchase,9189
U 2,purchase,7076
U 2,purchase,2315
U 2,purchase,7557
U 2,purchase,401
U 2,purchase,278
U 2,purchase,3385
U 2,purchase,9425
U 2,purchase,4017
U 2,purchase,5024
U 2,purchase,3502
U 2,purchase,3581
U 2,purchase,666
U 2,purchase,3162
U 2,purchase,7349
U 2,purchase,2628
U 2,purchase,8655
U 2,purchase,5108
U 2,purchase,9347
U 2,purchase,5074
U 2,purchase,3307
U 2,purchase,4205
U 2,purchase,3452
U 2,purchase,1923
U 2,purchase,474
U 2,purchase,2537
U 2,purchase,4931
U 2,purchase,3742
U 2,purchase,9816
U 2,purchase,537
U 2,purchase,9557
U 2,purchase,1639
U 2,purchase,5896
U 2,purchase,3618
U 2,purchase,6908
U 2,purchase,3990
U 2,purchase,1650
U 2,purchase,9087
U 2,purchase,4245
U 2,purchase,1257
U 2,purchase,3858
U 2,purchase,7284
U 2,purchase,2797
U 2,purchase,5150
U 2,purchase,34
U 2,purchase,3966
U 2,purchase,2978
U 2,purchase,8600
U 2,purchase,9298
U 2,purchase,4463
U 2,purchase,1930
U 2,purchase,274
U 2,purchase,1506
U 2,purchase,209
U 2,purchase,6835
U 2,purchase,597
U 2,purchase,2895
U 2,purchase,805
U 2,purchase,9679
U 2,purchase,8232
U 2,purchase,4747
U 2,purchase,2995
U 2,purchase,9709
U 2,purchase,9561
U 2,purchase,4857
U 2,purchase,4466
U 2,purchase,1198
U 2,purchase,5072
U 2,purchase,221
U 2,purchase,5212
U 2,purchase,6982
U 2,purchase,7781
U 2,purchase,493
U 2,purchase,8918
U 2,purchase,7458
U 2,purchase,6236
U 2,purchase,2384
U 2,purchase,4574
U 2,purchase,1306
U 2,purchase,5425
U 2,purchase,1953
U 2,purchase,381
U 2,purchase,6844
U 2,purchase,8211
U 2,purchase,3474
U 2,purchase,7458
U 2,purchase,5159
U 2,purchase,4833
U 2,purchase,946
U 2,purchase,7335
U 2,purchase,2532
U 2,purchase,8428
U 2,purchase,7394
U 2,purchase,5054
U 2,purchase,1356
U 2,purchase,8659
U 2,purchase,4326
U 2,purchase,2060
U 2,purchase,2084
U 2,purchase,9025
U 2,purchase,1858
U 2,purchase,5884
U 2,purchase,7706
U 2,purchase,5736
U 2,purchase,8141
U 2,purchase,2164
U 2,purchase,2405
U 2,purchase,6883
U 2,purchase,285
U 2,purchase,4345
U 2,purchase,8226
U 2,purchase,1102
U 2,purchase,5067